id,nama_resep,kategori,deskripsi,bahan,cara_memasak,gizi,waktu_masak,tingkat_kesulitan,gambar_url
1,Nasi Goreng Spesial,Makanan Utama,"Nasi goreng legendaris ala rumahan dengan campuran ayam suwir, telur orak-arik, dan irisan daun bawang. Rasanya gurih, sedikit manis dari kecap, dan pedas alami dari cabai segar.","- 2 porsi nasi putih (dingin)
- 100 g ayam suwir
- 2 butir telur
- 3 sdm kecap manis
- 2 siung bawang putih, cincang
- 1 buah cabai merah, iris
- 2 batang daun bawang, iris
- Garam dan merica secukupnya
- Minyak goreng secukupnya","1. Panaskan minyak, tumis bawang putih dan cabai hingga harum.
2. Masukkan telur, orak-arik hingga setengah matang.
3. Tambahkan ayam suwir, aduk rata.
4. Masukkan nasi putih, kecap manis, garam, dan merica.
5. Aduk hingga rata dan matang sempurna.
6. Taburi daun bawang, sajikan hangat.",Kalori: 560 kkal | Protein: 25 g | Karbohidrat: 70 g | Lemak: 18 g,20 menit,Mudah,https://asset.kompas.com/crops/3xYktcut3GtTLSvS9iNgqM4e380=/0x0:1000x667/1200x800/data/photo/2023/05/06/645677f368fc1.jpg
2,Soto Ayam Lamongan,Sup & Kuah,"Soto ayam khas Lamongan dengan kuah kuning gurih, bihun lembut, dan taburan koya yang membuat rasanya makin mantap.","- 500 g ayam kampung
- 100 g bihun, rendam
- 2 butir telur rebus
- 2 batang serai, memarkan
- 4 lembar daun jeruk
- 1 ruas kunyit, bakar & haluskan
- Bawang goreng secukupnya
- Koya (bawang putih goreng + kerupuk udang halus)
- Garam, gula, dan air secukupnya","1. Rebus ayam hingga empuk, angkat dan suwir-suwir.
2. Tumis bumbu halus, masukkan ke dalam kaldu ayam.
3. Tambahkan serai, daun jeruk, garam, dan gula.
4. Masak hingga mendidih dan harum.
5. Sajikan dengan bihun, suwiran ayam, telur, bawang goreng, dan taburan koya.",Kalori: 400 kkal | Protein: 30 g | Karbohidrat: 25 g | Lemak: 16 g,45 menit,Sedang,https://d1vbn70lmn1nqe.cloudfront.net/prod/wp-content/uploads/2023/07/17043644/Praktis-dan-Simpel-Ini-Resep-Soto-Ayam-Lamongan-yang-Menggugah-Selera-.jpg.webp
3,Rendang Daging Sapi,Makanan Utama,Masakan Minang khas Padang yang dimasak perlahan hingga santan mengering dan daging empuk berwarna cokelat kehitaman. Rasa rempahnya kaya dan tahan lama.,"- 500 g daging sapi (sengkel atau has dalam)
- 800 ml santan kental
- 10 siung bawang merah
- 5 siung bawang putih
- 10 buah cabai merah keriting
- 2 ruas jahe
- 3 ruas lengkuas, memarkan
- 2 batang serai, memarkan
- 5 lembar daun jeruk
- Garam dan gula pasir secukupnya","1. Haluskan bawang merah, bawang putih, cabai, dan jahe.
2. Masukkan daging, santan, dan bumbu halus ke dalam wajan.
3. Tambahkan serai, lengkuas, dan daun jeruk.
4. Masak dengan api kecil selama 2 jam sambil diaduk sesekali.
5. Tunggu hingga santan mengental dan daging empuk sempurna.",Kalori: 670 kkal | Protein: 35 g | Karbohidrat: 8 g | Lemak: 45 g,2 jam,Sulit,https://awsimages.detik.net.id/community/media/visual/2025/03/27/resep-rendang-asli-padang-1743042209951_43.jpeg?w=600&q=90
4,Ayam Bakar Taliwang,Ayam,"Ayam bakar pedas khas Lombok dengan bumbu cabai merah, tomat, dan terasi yang diulek kasar. Aromanya menggoda dan rasanya nendang!","- 1 ekor ayam kampung, potong 4
- 10 buah cabai merah keriting
- 5 buah cabai rawit merah
- 5 siung bawang putih
- 3 butir kemiri
- 2 sdm terasi bakar
- 2 sdm madu
- 1 sdm air asam jawa
- Garam dan gula secukupnya","1. Haluskan semua bumbu kecuali madu.
2. Lumuri ayam dengan bumbu, diamkan 30 menit.
3. Panggang ayam sambil diolesi sisa bumbu dan madu.
4. Bolak-balik hingga matang dan berwarna kecokelatan.
5. Sajikan dengan plecing kangkung atau lalapan.",Kalori: 480 kkal | Protein: 28 g | Karbohidrat: 12 g | Lemak: 32 g,40 menit,Sedang,https://d1uz88p17r663j.cloudfront.net/original/c9083eee3069c0ddf0a6ce11ef8567a9_AyamBakar.jpg
5,Gado-Gado Betawi,Salad & Sayur,"Salad tradisional Indonesia dengan sayuran rebus segar dan siraman bumbu kacang kental yang gurih, manis, dan sedikit pedas.","- 100 g kentang, rebus & potong
- 100 g kacang panjang, potong & rebus
- 2 buah tahu goreng, potong
- 2 buah tempe goreng, potong
- 2 butir telur rebus
- Kerupuk bawang secukupnya
- Bumbu kacang: kacang tanah goreng, cabai, gula merah, garam, air asam","1. Rebus semua sayuran hingga matang tapi masih renyah.
2. Haluskan kacang tanah, cabai, gula merah, dan garam.
3. Tambahkan air asam, aduk hingga kental.
4. Susun sayur, tahu, tempe, dan telur di piring.
5. Siram dengan bumbu kacang, taburi kerupuk.",Kalori: 350 kkal | Protein: 12 g | Karbohidrat: 30 g | Lemak: 20 g,25 menit,Mudah,https://cdn.rri.co.id/berita/1/images/1692921303952-images_(7)_(8)/1692921303952-images_(7)_(8).jpeg
6,Capcay Goreng,Sayuran,Tumisan sayuran campur ala Tionghoa dengan saus tiram yang gurih dan segar. Cocok untuk makan malam sehat bersama keluarga.,"- 1 buah wortel, iris tipis
- 100 g brokoli, potong kuntum
- 100 g kembang kol
- 50 g kol, iris halus
- 2 siung bawang putih, cincang
- 2 sdm saus tiram
- 1 sdm kecap ikan
- Garam, merica, dan minyak wijen secukupnya","1. Tumis bawang putih hingga harum.
2. Masukkan wortel, masak sebentar.
3. Tambahkan brokoli, kembang kol, dan kol.
4. Tuang saus tiram, kecap ikan, garam, dan merica.
5. Aduk hingga sayur matang tapi masih renyah.
6. Beri tetesan minyak wijen, sajikan panas.",Kalori: 220 kkal | Protein: 8 g | Karbohidrat: 25 g | Lemak: 10 g,15 menit,Mudah,https://awsimages.detik.net.id/community/media/visual/2021/03/02/cap-cay-goreng.jpeg?w=600&q=90
7,Bakso Sapi Homemade,Makanan Utama,"Bakso daging sapi kenyal buatan sendiri dengan kuah kaldu gurih, disajikan bersama mi, tahu goreng, dan sambal.","- 500 g daging sapi giling
- 100 g tepung tapioka
- 3 siung bawang putih, haluskan
- 1 sdt merica bubuk
- 1 butir telur
- Garam secukupnya
- Kuah kaldu sapi
- Mi kuning dan tahu goreng untuk pelengkap","1. Campur daging, bawang putih, merica, telur, dan garam.
2. Tambahkan tepung tapioka, aduk hingga kalis.
3. Bentuk bulat, masukkan ke air mendidih hingga mengapung.
4. Angkat dan masukkan ke kuah kaldu panas.
5. Sajikan dengan mi, tahu, dan sambal.",Kalori: 300 kkal | Protein: 25 g | Karbohidrat: 20 g | Lemak: 12 g,60 menit,Sedang,https://asset-2.tribunnews.com/medan/foto/bank/images/Ilustrasi-Bakso-Sapi-Homemade.jpg
8,Rawon Daging Sapi,Makanan Utama,"Sup daging hitam khas Jawa Timur berbahan kluwek, dengan kuah pekat dan aroma rempah yang khas. Disajikan dengan nasi hangat dan sambal.","- 500 g daging sapi
- 5 butir kluwek, ambil isinya
- 6 siung bawang merah
- 4 siung bawang putih
- 3 buah cabai merah
- 2 batang serai
- 4 lembar daun jeruk
- Tauge pendek dan telur asin untuk pelengkap","1. Rebus daging hingga empuk, potong-potong.
2. Haluskan kluwek, bawang, dan cabai.
3. Tumis bumbu hingga harum, masukkan ke rebusan daging.
4. Tambahkan serai dan daun jeruk, masak hingga kuah pekat.
5. Sajikan dengan nasi, tauge, dan telur asin.",Kalori: 500 kkal | Protein: 32 g | Karbohidrat: 15 g | Lemak: 35 g,90 menit,Sedang,https://awsimages.detik.net.id/community/media/visual/2023/03/14/resep-rawon-daging-surabaya.jpeg?w=1200
9,Sate Ayam Madura,Makanan Utama,"Sate ayam dengan bumbu kacang kental, manis, dan gurih ala Madura. Dagingnya empuk dan bumbunya meresap sempurna.","- 500 g dada ayam, potong dadu
- 150 g kacang tanah, goreng & haluskan
- 3 siung bawang putih
- 2 sdm kecap manis
- 1 sdm gula merah
- Cabai rawit untuk sambal
- Tusuk sate dari bambu, rendam air dulu","1. Lumuri ayam dengan sedikit bumbu kacang, diamkan 30 menit.
2. Tusuk ayam dengan tusukan sate.
3. Bakar di atas arang sambil dioles bumbu.
4. Sajikan dengan saus kacang kental dan irisan cabai rawit.",Kalori: 420 kkal | Protein: 27 g | Karbohidrat: 18 g | Lemak: 25 g,35 menit,Mudah,https://i0.wp.com/resepkoki.id/wp-content/uploads/2017/02/Resep-Sate-Ayam-Madura.jpg?fit=1920%2C1804&ssl=1
10,Sayur Lodeh,Sayuran,"Sayur santan khas Jawa berisi labu siam, kacang panjang, dan tempe. Rasanya gurih, hangat, dan cocok dengan nasi putih.","- 1 buah labu siam, potong korek
- 100 g kacang panjang, potong
- 1 papan tempe, potong
- 400 ml santan
- 2 lembar daun salam
- 2 ruas lengkuas, memarkan
- Bumbu halus: bawang merah, bawang putih, cabai merah, kencur","1. Tumis bumbu halus, daun salam, dan lengkuas hingga harum.
2. Masukkan labu siam dan kacang panjang, aduk sebentar.
3. Tuang santan, masak dengan api kecil.
4. Masukkan tempe, masak hingga sayur empuk.
5. Bumbui garam dan gula, sajikan hangat.",Kalori: 280 kkal | Protein: 10 g | Karbohidrat: 22 g | Lemak: 18 g,30 menit,Mudah,https://awsimages.detik.net.id/community/media/visual/2024/01/16/resep-sayur-lodeh-tempe_43.jpeg?w=600&q=90
11,Pecel Lele,Makanan Utama,"Lele goreng krispi disajikan dengan sambal terasi pedas, lalapan segar, dan nasi hangat. Kuliner kaki lima yang bikin ketagihan!","- 2 ekor ikan lele, bersihkan
- 1 sdt kunyit bubuk
- 1 sdt garam
- Minyak untuk menggoreng
- Lalapan: mentimun, kol, selada, kemangi
- Sambal terasi: cabai rawit, bawang putih, terasi bakar, tomat","1. Lumuri lele dengan kunyit dan garam, diamkan 15 menit.
2. Goreng hingga kering dan kecokelatan.
3. Ulek kasar cabai, bawang, terasi, dan tomat untuk sambal.
4. Sajikan lele goreng dengan sambal, lalapan, dan nasi putih.",Kalori: 380 kkal | Protein: 22 g | Karbohidrat: 10 g | Lemak: 28 g,25 menit,Mudah,https://radarbanyumas.disway.id/upload/f281096a8bd119251707e94c67d59659.jpg
12,Pempek Palembang,Camilan,"Pempek ikan tenggiri dengan tekstur kenyal, disiram kuah cuko asam-manis-pedas yang khas dari Palembang.","- 500 g daging ikan tenggiri
- 250 g tepung sagu
- 1 butir telur
- Garam dan penyedap secukupnya
- Kuah cuko: gula merah, cuka, bawang putih, cabai, ebi","1. Haluskan ikan, campur telur dan garam.
2. Masukkan sagu sedikit demi sedikit, uleni hingga kalis.
3. Bentuk menjadi lenjer, kapal selam, atau adaan.
4. Rebus hingga mengapung, lalu goreng sebentar.
5. Sajikan dengan kuah cuko dan irisan mentimun.",Kalori: 320 kkal | Protein: 18 g | Karbohidrat: 40 g | Lemak: 8 g,60 menit,Sedang,https://tradisikuliner.com/wp-content/uploads/2025/04/pempek-palembang-1762010636.webp
13,Martabak Manis (Terang Bulan),Camilan,"Martabak manis tebal dengan taburan meses, kacang, keju, dan susu kental manis. Camilan legendaris yang bikin nagih!","- 250 g tepung terigu
- 50 g gula pasir
- 1 sdt ragi instan
- 1 butir telur
- 300 ml air
- Mentega untuk olesan
- Topping: meses, kacang cincang, keju parut, SKM","1. Campur tepung, gula, ragi, telur, dan air. Diamkan 1 jam.
2. Panaskan teflon, tuang adonan, taburi gula pasir.
3. Tutup, masak hingga berlubang-lubang.
4. Oles mentega, taburi topping, lipat, potong-potong.",Kalori: 450 kkal | Protein: 8 g | Karbohidrat: 65 g | Lemak: 18 g,90 menit (termasuk fermentasi),Sedang,https://img.freepik.com/foto-premium/martabak-manis-atau-kue-terang-bulan-atau-hok-lo-pan-dengan-berbagai-isian-adalah-camilan-dari-indonesia_583400-2741.jpg
14,Tempe Mendoan,Camilan,Tempe goreng setengah matang dengan balutan tepung bumbu yang garing di luar dan lembut di dalam. Cocok dengan sambal kecap!,"- 2 papan tempe, iris tipis melebar
- 100 g tepung terigu
- 50 g tepung beras
- Daun bawang, iris
- Bumbu: bawang putih, ketumbar, kunyit, garam
- Air secukupnya untuk adonan","1. Haluskan bumbu, campur dengan tepung dan daun bawang.
2. Tambahkan air hingga adonan kental.
3. Celupkan tempe ke adonan.
4. Goreng sebentar dalam minyak banyak hingga tepi kering.
5. Sajikan hangat dengan sambal kecap.",Kalori: 200 kkal | Protein: 12 g | Karbohidrat: 20 g | Lemak: 10 g,20 menit,Mudah,https://assets.unileversolutions.com/recipes-v2/257292.jpg
15,Klepon,Kue Tradisional,"Kue basah dari tepung ketan berisi gula merah cair, dibalur kelapa parut. Rasanya manis, legit, dan wangi pandan.","- 250 g tepung ketan
- 50 g tepung beras
- 200 ml air suji (daun pandan + suji)
- Gula merah, sisir halus
- Kelapa parut, kukus dengan garam
- Garam secukupnya","1. Campur tepung ketan, tepung beras, garam, dan air suji.
2. Uleni hingga kalis.
3. Ambil sedikit adonan, isi gula merah, bulatkan.
4. Rebus hingga mengapung.
5. Gulingkan di kelapa parut, sajikan.",Kalori: 180 kkal | Protein: 2 g | Karbohidrat: 35 g | Lemak: 4 g,40 menit,Sedang,"https://blue.kumparan.com/image/upload/fl_progressive,fl_lossy,c_fill,f_auto,q_auto:best,w_640/v1634025439/01j882aj9t9dnvg8v5fcm2c5sc.png"
16,Pindang Patin,Ikan,"Masakan khas Palembang berbahan dasar ikan patin dengan kuah asam pedas dari nanas, tomat, dan belimbing wuluh.","- 500 g ikan patin, potong
- 1 buah nanas muda, potong
- 2 buah tomat hijau
- 5 buah belimbing wuluh
- 6 siung bawang merah
- 3 siung bawang putih
- 5 buah cabai merah keriting
- 3 lembar daun salam
- 2 batang serai, memarkan
- Garam dan gula secukupnya","1. Rebus air, masukkan serai, daun salam, dan bumbu halus.
2. Tambahkan nanas, tomat, dan belimbing wuluh.
3. Masukkan ikan patin, masak hingga matang dan kuah agak menyusut.
4. Bumbui garam dan gula, koreksi rasa.
5. Sajikan hangat dengan nasi putih.",Kalori: 320 kkal | Protein: 28 g | Karbohidrat: 12 g | Lemak: 16 g,40 menit,Sedang,https://dcostseafood.id/wp-content/uploads/2024/10/Pindang-Patin.jpg
17,Opor Ayam,Makanan Utama,"Ayam berkuah santan kuning khas Jawa, biasa disajikan saat Lebaran bersama ketupat dan sambal goreng.","- 1 ekor ayam kampung, potong
- 600 ml santan kental
- 5 siung bawang merah
- 3 siung bawang putih
- 2 ruas kunyit
- 2 batang serai
- 3 lembar daun jeruk
- Garam, gula, dan kaldu bubuk secukupnya","1. Tumis bumbu halus hingga harum.
2. Masukkan ayam, aduk hingga berubah warna.
3. Tuang santan, tambahkan serai dan daun jeruk.
4. Masak dengan api kecil hingga ayam empuk dan kuah mengental.
5. Sajikan dengan ketupat atau lontong.",Kalori: 480 kkal | Protein: 32 g | Karbohidrat: 8 g | Lemak: 36 g,50 menit,Sedang,https://asset.kompas.com/crops/I7PStYAvaQuwLnnoKTTHtUoHBNk=/0x83:1000x750/1200x800/data/photo/2021/07/19/60f4ff9a5a749.jpg
18,Karedok,Salad & Sayur,Salad mentah khas Sunda dengan sayuran segar dan bumbu kacang pedas yang menyegarkan.,"- 100 g kol, iris halus
- 100 g tauge
- 2 buah mentimun, iris
- 2 batang daun kemangi
- Bumbu kacang: kacang tanah goreng, cabai rawit, kencur, gula merah, garam, air asam","1. Siapkan semua sayuran segar, cuci bersih.
2. Haluskan kacang tanah, cabai, kencur, gula merah, dan garam.
3. Tambahkan sedikit air asam, aduk hingga kental.
4. Campur sayuran dengan bumbu kacang.
5. Sajikan segera agar tetap renyah.",Kalori: 240 kkal | Protein: 9 g | Karbohidrat: 20 g | Lemak: 14 g,20 menit,Mudah,https://i0.wp.com/resepkoki.id/wp-content/uploads/2017/11/Resep-Karedok.jpg?fit=1920%2C1280&ssl=1
19,Bakwan Jagung,Camilan,"Perkedel jagung renyah dengan campuran wortel dan daun bawang, cocok sebagai camilan sore dengan teh hangat.","- 3 buah jagung manis, pipil
- 1 buah wortel, parut halus
- 2 batang daun bawang, iris
- 100 g tepung terigu
- 1 butir telur
- Bumbu: bawang putih, ketumbar, garam
- Minyak untuk menggoreng","1. Haluskan bawang putih dan ketumbar.
2. Campur jagung, wortel, daun bawang, bumbu, telur, dan tepung.
3. Aduk hingga rata, tambahkan sedikit air jika perlu.
4. Goreng sesendok demi sesendok hingga kecokelatan.
5. Tiriskan, sajikan hangat.",Kalori: 180 kkal | Protein: 5 g | Karbohidrat: 28 g | Lemak: 6 g,25 menit,Mudah,https://static.promediateknologi.id/crop/0x526:1080x1512/0x0/webp/photo/p2/74/2024/10/30/Screenshot_20241030_212417-3838593281.jpg
20,Lontong Sayur Betawi,Makanan Utama,"Lontong berkuah santan kental dengan labu siam, kacang panjang, dan telur, khas Betawi yang gurih dan hangat.","- 4 buah lontong, potong
- 1 buah labu siam, potong korek
- 100 g kacang panjang
- 2 butir telur rebus
- 500 ml santan
- Bumbu halus: bawang merah, bawang putih, ebi, cabai merah, lengkuas
- Daun salam dan sereh","1. Tumis bumbu halus hingga harum.
2. Masukkan santan, daun salam, dan serai.
3. Tambahkan labu siam dan kacang panjang, masak hingga empuk.
4. Masukkan telur rebus, bumbui garam dan gula.
5. Sajikan dengan lontong, taburi bawang goreng.",Kalori: 420 kkal | Protein: 14 g | Karbohidrat: 50 g | Lemak: 20 g,45 menit,Sedang,https://awsimages.detik.net.id/community/media/visual/2023/06/08/ciri-lontong-sayur-betawi-2.jpeg?w=1145
21,Pisang Goreng Crispy,Camilan,Pisang raja digoreng dengan balutan tepung krispi yang renyah di luar dan lembut di dalam.,"- 6 buah pisang raja, potong memanjang
- 150 g tepung terigu
- 2 sdm tepung beras
- 1 sdm gula pasir
- 1/2 sdt vanili bubuk
- Air secukupnya
- Minyak untuk menggoreng","1. Campur semua tepung, gula, dan vanili.
2. Tambahkan air hingga adonan kental (seperti adonan pisang goreng).
3. Celupkan pisang ke adonan.
4. Goreng dalam minyak panas hingga kuning keemasan.
5. Tiriskan, sajikan hangat.",Kalori: 220 kkal | Protein: 3 g | Karbohidrat: 45 g | Lemak: 5 g,20 menit,Mudah,https://awsimages.detik.net.id/community/media/visual/2022/06/28/resep-pisang-goreng-keriting_43.jpeg?w=600&q=90
22,Tumis Kangkung Terasi,Sayuran,"Sayur kangkung tumis dengan bumbu terasi yang pedas dan gurih, favorit di warung nasi seluruh Indonesia.","- 1 ikat kangkung, siangi
- 3 siung bawang putih, iris
- 5 buah cabai rawit merah
- 1 sdt terasi bakar
- Garam dan gula secukupnya
- Minyak untuk menumis","1. Panaskan minyak, tumis bawang putih dan cabai hingga harum.
2. Tambahkan terasi, aduk rata.
3. Masukkan kangkung, aduk cepat hingga layu.
4. Bumbui garam dan gula.
5. Sajikan segera selagi hangat.",Kalori: 90 kkal | Protein: 4 g | Karbohidrat: 12 g | Lemak: 4 g,10 menit,Mudah,https://image.idntimes.com/post/20240325/1000018700-899b59f0f65acad798d392c407f4ab92-0961a0b64629b2e0236b43839e8c5384.jpg
23,Nasi Uduk Betawi,Makanan Utama,"Nasi gurih dimasak dengan santan, daun salam, dan serai, disajikan dengan lauk khas Betawi.","- 2 cup beras
- 400 ml santan
- 2 lembar daun salam
- 2 batang serai, memarkan
- 1 ruas lengkuas
- Garam secukupnya
- Pelengkap: tempe orek, bihun goreng, telur dadar, sambal","1. Cuci beras, masukkan ke rice cooker.
2. Tambahkan santan, daun salam, serai, lengkuas, dan garam.
3. Masak seperti nasi biasa.
4. Aduk setelah matang, sajikan dengan pelengkap.",Kalori: 520 kkal | Protein: 12 g | Karbohidrat: 75 g | Lemak: 18 g,30 menit,Mudah,https://awsimages.detik.net.id/community/media/visual/2024/04/30/resep-nasi-uduk-betawi-tradisional_43.jpeg?w=600&q=90
24,Es Campur,Minuman,"Minuman segar berisi cincau, alpukat, nata de coco, sagu mutiara, dan susu kental manis.","- 100 g cincau hitam, potong
- 1 buah alpukat, keruk
- 100 g nata de coco
- 50 g sagu mutiara, rebus
- Es serut
- Susu kental manis putih
- Sirup cocopandan secukupnya","1. Siapkan mangkuk saji.
2. Masukkan semua bahan kecuali susu dan sirup.
3. Tuang es serut di atasnya.
4. Siram dengan susu kental manis dan sirup cocopandan.
5. Sajikan segera.",Kalori: 320 kkal | Protein: 4 g | Karbohidrat: 60 g | Lemak: 8 g,15 menit,Mudah,https://asset.kompas.com/crops/mflGKlOsWa44Fb9Xj7KYlIIVQgw=/0x0:1000x667/1200x800/data/photo/2020/04/24/5ea2a3cba9ace.jpg
25,Sambal Matah,Pelengkap,"Sambal mentah khas Bali dari irisan bawang merah, cabai, serai, dan jeruk limau yang segar dan pedas.","- 8 siung bawang merah, iris tipis
- 10 buah cabai rawit merah, iris
- 2 batang serai, ambil putihnya, iris halus
- 8 lembar daun jeruk, buang tulang, iris
- 2 sdm minyak kelapa panas
- 1 sdm air jeruk limau
- Garam secukupnya","1. Campur semua bahan dalam mangkuk.
2. Siram dengan minyak kelapa panas.
3. Aduk rata, tambahkan air jeruk limau dan garam.
4. Diamkan 5 menit, sajikan dengan ikan bakar atau ayam goreng.",Kalori: 60 kkal | Protein: 1 g | Karbohidrat: 8 g | Lemak: 4 g,10 menit,Mudah,https://asset.kompas.com/crops/UZEUw-HWdcJIKA_dLVDOk4-7j1A=/0x468:1500x1468/1200x800/data/photo/2019/07/05/2490389343.jpg
26,Ayam Suwir Sambal Matah,Ayam,"Ayam suwir lembut yang dipadukan dengan sambal matah khas Bali yang segar, pedas, dan harum.","- 1/2 ekor ayam
- 5 bawang merah
- 8 buah cabai merah
- 3 cabai rawit
- 1/2 bungkus terasi ABC, dibakar lalu haluskan
- 1 lembar daun jeruk
- 1 batang serai
- 1/2 buah jeruk limau
- Secukupnya garam, gula, penyedap rasa (opsional)
- Secukupnya minyak untuk menumis","1. Bersihkan ayam dan lumuri dengan air jeruk nipis. Kukus ayam hingga empuk. Dinginkan dan suwir-suwir.
2. Ulek kasar: bawang merah, cabai merah, dan cabai rawit. Tambahkan terasi.
3. Tumis bahan yang sudah dihaluskan dengan daun jeruk dan serai.
4. Tambahkan ayam suwir. Bumbui dengan garam, gula, dan penyedap sesuai selera.
5. Kucuri dengan perasan jeruk limau, aduk rata, lalu sajikan.",Kalori: 280 kkal | Protein: 25 g | Karbohidrat: 6 g | Lemak: 16 g,45 menit,Mudah,https://www.dapurkobe.co.id/wp-content/uploads/ayam-suwir-sambal-matah.jpg
27,Sambal Pete Udang,Seafood,"Sambal pedas gurih berbahan dasar udang dan pete, cocok disantap dengan nasi hangat.","- 1/4 kg udang basah ukuran besar (buang kumis dan kepala)
- 4 papan pete padi
- Bumbu halus:
  - 2 batang kunyit
  - 2 buah kemiri
  - 1 buah cabe besar/cabe keriting
  - 2 sdm ebi
  - 4 butir bawang merah
  - 1 butir bawang putih
  - 1/4 buah bawang bombay
- Bumbu pelengkap:
  - Kecap asin hitam (merk kambing dua)
  - Secukupnya garam, gula, lada
  - Secukupnya saos tiram
  - Air secukupnya","1. Blender atau ulek semua bumbu halus.
2. Masukkan ke dalam minyak panas semua bumbu yang telah dihaluskan.
3. Setelah agak wangi, masukkan udang sambil diaduk agar matang merata.
4. Tambahkan pete, masak hingga bumbu meresap.
5. Koreksi rasa, lalu sajikan selagi hangat.",Kalori: 220 kkal | Protein: 18 g | Karbohidrat: 10 g | Lemak: 12 g,30 menit,Sedang,https://img-global.cpcdn.com/recipes/479f1bbba9355eea/1200x630cq80/photo.jpg
28,Ikan Nila Bumbu Bali,Ikan,"Ikan nila segar dimasak dengan bumbu Bali yang kaya rempah, pedas, dan gurih.","- 1 kg ikan nila segar
- 2 buah tomat merah, potong dadu
- 6 buah cabai rawit merah
- 1 batang sereh (ambil pangkalnya, iris kecil)
- 5 lembar daun jeruk (iris tipis)
- 2 lembar daun salam
- 1 cm ruas lengkuas (geprek)
- 1 sdt air jeruk nipis
- Secukupnya air dan minyak
- Bumbu rendam ikan (dihaluskan):
  - 2 siung bawang putih
  - 2 cm kunyit
  - 3 cm jahe
  - 1 sdm ketumbar
  - 1 sdm garam
- Bumbu bali (dihaluskan):
  - 1/2 ons cabai merah
  - 10 cabai rawit merah
  - 2 cm kunyit
  - 2 cm jahe
  - 3 butir kemiri
  - 5 siung bawang merah
  - 2 siung bawang putih
  - Secukupnya garam dan penyedap","1. Cuci bersih ikan nila, buang isi perutnya.
2. Rendam dengan bumbu rendaman dan sedikit air selama ±15 menit.
3. Goreng ikan sampai matang, sisihkan.
4. Tumis bumbu bali yang sudah dihaluskan. Masukkan tomat, daun jeruk, daun salam, lengkuas, sereh, cabai rawit, dan air jeruk nipis.
5. Tambahkan sedikit air (±100 ml), lalu masukkan ikan.
6. Bumbui dengan garam dan penyedap, masak hingga bumbu meresap.
7. Angkat dan sajikan.",Kalori: 310 kkal | Protein: 32 g | Karbohidrat: 8 g | Lemak: 15 g,50 menit,Sedang,https://cdn-brilio-net.akamaized.net/news/2021/11/03/216318/1589669-1000xauto-resep-ikan-bumbu-bali.jpg
29,Kakap Goreng Sambal Dabu-Dabu,Ikan,Ikan kakap goreng garing disajikan dengan sambal dabu-dabu segar ala Manado.,"- 1 kg ikan kakap segar
- 1 siung bawang putih
- 1 ruas lengkuas
- 1 sdt ketumbar
- 1 sdt garam
- 1/2 buah jeruk nipis
- Bahan Sambal Dabu-dabu:
  - 3 cabe rawit (sesuai selera)
  - 5 siung bawang merah
  - 1 buah jeruk nipis
  - 1 buah tomat
  - Gula dan garam secukupnya","1. Campurkan perasan jeruk nipis ke ikan yang sudah dibersihkan.
2. Haluskan ketumbar, garam, bawang putih, dan lengkuas. Lumuri ke ikan, diamkan agar meresap.
3. Goreng ikan hingga kuning keemasan.
4. Potong kotak-kotak bawang merah, tomat, dan cabai.
5. Campur semua bahan sambal, beri perasan jeruk nipis, garam, dan gula.
6. Sajikan sambal di atas ikan goreng.",Kalori: 290 kkal | Protein: 35 g | Karbohidrat: 5 g | Lemak: 14 g,40 menit,Mudah,https://img-global.cpcdn.com/recipes/1451541b3f9dff61/240x320cq80/photo.jpg
30,Keripik Singkong,Camilan,"Keripik singkong renyah dengan berbagai pilihan rasa, camilan praktis yang disukai semua kalangan.","- 1 kg singkong segar
- 1 sdt garam
- Air bersih secukupnya
- Minyak goreng secukupnya
- Opsional: bubuk perisa (barbekyu, keju, pedas, dll) setelah digoreng","1. Kupas singkong, cuci bersih, lalu iris tipis-tipis menggunakan pengiris keripik atau pisau tajam.
2. Rendam irisan singkong dalam air yang diberi garam selama 10–15 menit untuk mengurangi getah.
3. Tiriskan dan keringkan hingga benar-benar kering (bisa diangin-anginkan atau lap dengan kain bersih).
4. Panaskan minyak goreng dalam jumlah banyak dengan api sedang.
5. Goreng irisan singkong sedikit demi sedikit hingga mengembang dan berwarna kuning keemasan.
6. Angkat, tiriskan, dan biarkan dingin.
7. Jika ingin variasi rasa, taburi bubuk perisa setelah keripik dingin.
8. Simpan dalam wadah kedap udara.",Kalori: 150 kkal | Protein: 1 g | Karbohidrat: 23 g | Lemak: 6 g,45 menit,Mudah,https://asset.kompas.com/crops/GhLGTIY-lWbAa9eoj98yc7FJIJU=/0x0:1052x701/1200x800/data/photo/2025/09/26/68d60bf3c78f0.jpg
31,Kacang Goreng Bumbu,Camilan,"Kacang tanah yang disangrai dengan bumbu gurih, renyah tahan lama, cocok untuk camilan sehari-hari.","- 500 gram kacang tanah kupas
- 3 lembar daun jeruk, sobek-sobek
- 1 sdt garam
- 1/2 sdt kaldu bubuk (opsional)
- 1/2 sdt bawang putih bubuk
- 1/4 sdt ketumbar bubuk","1. Siapkan kacang tanah yang sudah dikupas, pastikan kering.
2. Panaskan wajan, sangrai kacang dengan api kecil sambil terus diaduk hingga matang dan berwarna kecoklatan.
3. Angkat dan sisihkan.
4. Campurkan garam, bawang putih bubuk, ketumbar bubuk, dan kaldu bubuk dalam wadah.
5. Masukkan kacang yang sudah disangrai ke dalam campuran bumbu, tambahkan daun jeruk.
6. Aduk rata hingga bumbu menempel sempurna.
7. Dinginkan sebelum disimpan dalam wadah kedap udara.",Kalori: 160 kkal | Protein: 7 g | Karbohidrat: 6 g | Lemak: 14 g,30 menit,Mudah,https://awsimages.detik.net.id/community/media/visual/2023/04/14/resep-kacang-bawang-renyah-pakai-santan_43.jpeg?w=1200
33,Bolu Kukus,Camilan,"Kue bolu kukus lembut dengan tekstur mengembang sempurna, cocok untuk teman minum teh.","- 2 butir telur
- 150 gram gula pasir
- 150 gram tepung terigu protein sedang
- 1 sdt SP (emulsifier)
- 100 ml susu cair atau santan
- 1/2 sdt pasta vanili
- Pewarna makanan (opsional)","1. Panaskan kukusan, alasi tutupnya dengan kain bersih.
2. Kocok telur, gula, dan SP dengan mixer kecepatan tinggi hingga mengembang, putih, dan kental (~10 menit).
3. Masukkan tepung terigu sedikit demi sedikit sambil diaduk perlahan.
4. Tuang susu/santan dan vanili, aduk rata.
5. Bagi adonan, beri pewarna jika suka.
6. Tuang ke cetakan bolu kukus yang sudah dialasi kertas.
7. Kukus selama 15–20 menit hingga matang (jangan buka tutup sebelum 15 menit pertama).
8. Angkat dan sajikan.",Kalori: 200 kkal | Protein: 4 g | Karbohidrat: 38 g | Lemak: 4 g,35 menit,Sedang,https://asset.kompas.com/crops/WGL8qFXlWhhsU2-sXPA4Capf_-I=/89x22:985x619/1200x800/data/photo/2021/05/06/60934c54cef21.jpg
34,Seblak Kering,Camilan,"Kerupuk aci yang digoreng lalu dibumbui dengan sambal pedas khas Bandung, renyah dan menggugah selera.","- 100 gram kerupuk aci mentah (belum digoreng)
- 3 siung bawang putih
- 5 buah cabai rawit merah
- 1/2 sdt garam
- 1/2 sdt gula pasir
- 1/4 sdt kaldu bubuk
- Minyak goreng secukupnya","1. Rendam kerupuk aci dalam air hangat hingga mengembang, lalu tiriskan hingga kering.
2. Goreng kerupuk dalam minyak panas hingga matang dan renyah. Angkat, tiriskan.
3. Haluskan bawang putih dan cabai rawit.
4. Tumis bumbu halus dengan sedikit minyak hingga harum.
5. Masukkan kerupuk goreng, aduk cepat hingga bumbu merata.
6. Tambahkan garam, gula, dan kaldu bubuk. Aduk rata.
7. Dinginkan sebelum disimpan dalam wadah kedap udara.",Kalori: 140 kkal | Protein: 2 g | Karbohidrat: 18 g | Lemak: 7 g,30 menit,Mudah,https://nonakreasipanganindonesia.com/wp-content/uploads/2025/02/resep-seblak-kering-kerupuk-pelangi.jpg
35,Roti Bakar Isi Coklat Keju,Camilan,"Roti tawar panggang dengan isian coklat dan keju meleleh, camilan simpel yang selalu digemari.","- 4 lembar roti tawar
- 2 sdm margarin
- 2 sdm selai coklat
- 50 gram keju cheddar parut","1. Olesi bagian luar roti tawar dengan margarin.
2. Olesi bagian dalam salah satu sisi roti dengan selai coklat, taburi keju parut.
3. Tutup dengan selembar roti lainnya (membentuk sandwich).
4. Panggang di atas teflon dengan api kecil hingga kedua sisi kecoklatan dan keju meleleh.
5. Potong diagonal, sajikan hangat.",Kalori: 220 kkal | Protein: 6 g | Karbohidrat: 28 g | Lemak: 10 g,15 menit,Mudah,https://niagatani.id/public/uploads/all/R19n6Svg2bH9HkKUmdRK7KZ8WnC0E0aB67Bz3eMi.jpg
36,Lumpia Goreng Sayur,Camilan,"Lumpia renyah berisi campuran tauge, wortel, dan daun bawang, disajikan dengan saus sambal manis.","- 15 lembar kulit lumpia
- 150 gram tauge
- 100 gram wortel, iris korek api
- 2 batang daun bawang, iris halus
- 2 siung bawang putih, cincang
- 1/2 sdt garam
- 1/4 sdt lada bubuk
- 1/2 sdt kaldu bubuk
- Minyak untuk menggoreng
- Air matang secukupnya (untuk perekat)","1. Tumis bawang putih hingga harum, masukkan wortel, aduk sebentar.
2. Tambahkan tauge, daun bawang, garam, lada, dan kaldu bubuk. Aduk rata, masak hingga layu. Angkat dan dinginkan.
3. Ambil selembar kulit lumpia, isi dengan 1–2 sdm isian, lipat seperti amplop.
4. Rekatkan ujung dengan air.
5. Goreng dalam minyak panas hingga kuning keemasan.
6. Tiriskan dan sajikan dengan saus sambal.",Kalori: 130 kkal | Protein: 4 g | Karbohidrat: 18 g | Lemak: 5 g,40 menit,Sedang,https://awsimages.detik.net.id/community/media/visual/2020/08/31/resep-lumpia-sayuran-2.jpeg?w=600&q=90
37,Makaroni Pedas,Camilan,"Makaroni rebus yang ditumis dengan bumbu pedas gurih, camilan viral yang mudah dibuat di rumah.","- 100 gram makaroni kering
- 3 siung bawang putih, cincang
- 5 buah cabai rawit, iris
- 1 sdm saus sambal
- 1 sdt kecap manis
- 1/2 sdt garam
- 1/4 sdt kaldu bubuk
- 1 sdm minyak goreng
- Bawang goreng secukupnya (taburan)","1. Rebus makaroni sesuai petunjuk kemasan hingga empuk, tiriskan.
2. Panaskan minyak, tumis bawang putih dan cabai hingga harum.
3. Masukkan makaroni, aduk rata.
4. Tambahkan saus sambal, kecap manis, garam, dan kaldu bubuk. Aduk hingga bumbu merata.
5. Angkat, taburi bawang goreng.
6. Sajikan hangat.",Kalori: 190 kkal | Protein: 6 g | Karbohidrat: 32 g | Lemak: 4 g,20 menit,Mudah,https://cdn0-production-images-kly.akamaized.net/pfkEXqacmxaQg298K2If-80HIpk=/1200x675/smart/filters:quality(75):strip_icc():format(jpeg)/kly-media-production/medias/3176353/original/089255000_1594387385-20200608153036-1-resep-camilan-pedas-ini-bikin-ketagihan-005-billy-adytya.jpg
38,Onde-Onde,Camilan,"Kue tradisional berbentuk bulat dengan balutan wijen dan isian kacang hijau manis, bertekstur kenyal di luar dan lembut di dalam.","- 200 gram tepung ketan
- 50 gram kentang kukus, haluskan
- 75 ml air hangat
- 1/2 sdt garam
- Wijen putih secukupnya
- Minyak goreng
- Isian: 150 gram kacang hijau kupas, rebus, haluskan dengan 75 gram gula pasir","1. Campur tepung ketan, kentang, garam, dan air hangat. Uleni hingga kalis.
2. Bulatkan adonan sebesar bola pingpong, pipihkan, isi dengan isian kacang hijau, bulatkan lagi.
3. Gulingkan di atas wijen hingga rata.
4. Goreng dalam minyak banyak dengan api kecil hingga mengembang dan kecoklatan.
5. Angkat, tiriskan, sajikan hangat atau dingin.",Kalori: 160 kkal | Protein: 4 g | Karbohidrat: 28 g | Lemak: 4 g,60 menit,Sedang,https://assets.unileversolutions.com/recipes-v2/258105.jpg
39,Yoghurt dengan Potongan Buah Segar,Camilan,"Yoghurt plain yang disajikan dengan potongan buah segar, camilan sehat dan menyegarkan.","- 200 gram yoghurt plain (tanpa gula)
- 1/2 buah apel, potong dadu
- 1/2 buah pepaya, potong dadu
- 5 buah stroberi, iris
- 1 sdm madu (opsional)
- Daun mint untuk hiasan (opsional)","1. Siapkan buah-buahan segar, cuci bersih, dan potong dadu.
2. Tuang yoghurt ke dalam mangkuk saji.
3. Tata potongan buah di atas yoghurt.
4. Jika suka manis, tambahkan madu.
5. Hias dengan daun mint, sajikan segera.",Kalori: 120 kkal | Protein: 5 g | Karbohidrat: 20 g | Lemak: 2 g,10 menit,Mudah,https://cdn0-production-images-kly.akamaized.net/9zf_9x7CfyVWFtpqupXmsDitHl0=/1200x675/smart/filters:quality(75):strip_icc():format(jpeg)/kly-media-production/medias/3092404/original/084394600_1585831989-wesual-click-LymX5D2sSWM-unsplash.jpg
40,Ayam Goreng Kalasan,Ayam,"Ayam goreng khas Yogyakarta yang dimasak dengan santan dan rempah-rempah hingga empuk, lalu digoreng hingga garing di luar dan lembut di dalam.","- 1 ekor ayam kampung, potong 8 bagian
- 500 ml santan kental
- 3 lembar daun salam
- 2 batang serai, memarkan
- 2 cm lengkuas, memarkan
- 1 sdt garam
- 1 sdt gula merah
- Minyak untuk menggoreng
- Bumbu halus:
  • 6 butir bawang merah
  • 4 siung bawang putih
  • 4 butir kemiri sangrai
  • 2 cm kunyit bakar
  • 1 sdt ketumbar sangrai","1. Rebus ayam dengan bumbu halus, daun salam, serai, lengkuas, garam, dan gula merah.
2. Tuang santan, masak dengan api kecil hingga air menyusut dan ayam empuk.
3. Angkat ayam, tiriskan.
4. Panaskan minyak, goreng ayam hingga kecoklatan.
5. Sajikan dengan nasi hangat dan sambal.",Kalori: 420 kkal | Protein: 32 g | Karbohidrat: 4 g | Lemak: 28 g,60 menit,Sedang,https://assets.unileversolutions.com/v1/129343159.png
41,Ayam Pop,Ayam,"Ayam khas Minang yang direbus dengan bumbu hingga empuk, lalu digoreng sebentar sehingga warnanya tetap putih dan teksturnya lembut.","- 1 ekor ayam kampung muda, potong 4
- 600 ml air kelapa
- 2 lembar daun salam
- 2 batang serai, memarkan
- 3 cm lengkuas, memarkan
- Garam secukupnya
- Bumbu halus:
  • 6 butir bawang merah
  • 4 siung bawang putih
  • 1 sdt ketumbar
  • 1/2 sdt merica butiran","1. Masukkan ayam, bumbu halus, daun salam, serai, lengkuas, dan garam ke dalam air kelapa.
2. Rebus hingga air menyusut dan ayam empuk (sekitar 45 menit).
3. Angkat ayam, tiriskan.
4. Panaskan sedikit minyak, goreng ayam sebentar hanya untuk mengeringkan permukaan.
5. Sajikan dengan sambal lado mudo dan nasi putih.",Kalori: 380 kkal | Protein: 35 g | Karbohidrat: 3 g | Lemak: 22 g,60 menit,Sedang,https://img-global.cpcdn.com/recipes/1a4d2a1814e785c9/1200x630cq80/photo.jpg
42,Ayam Rica-Rica,Ayam,"Masakan pedas khas Manado dengan potongan ayam yang dimasak dalam bumbu cabai, daun jeruk, dan serai hingga meresap sempurna.","- 1 ekor ayam, potong 8
- 2 batang serai, memarkan
- 4 lembar daun jeruk
- 2 cm jahe, memarkan
- Garam dan gula secukupnya
- Minyak untuk menumis
- Bumbu halus:
  • 10 buah cabai merah keriting
  • 10 buah cabai rawit merah
  • 8 butir bawang merah
  • 4 siung bawang putih
  • 1 sdt kunyit bubuk
  • 1/2 sdt merica","1. Tumis bumbu halus hingga harum.
2. Masukkan serai, daun jeruk, dan jahe, aduk rata.
3. Masukkan ayam, aduk hingga berubah warna.
4. Tambahkan sedikit air, masak hingga bumbu meresap dan kuah mengental.
5. Koreksi rasa, sajikan panas.",Kalori: 410 kkal | Protein: 30 g | Karbohidrat: 6 g | Lemak: 26 g,45 menit,Sedang,https://images.tokopedia.net/img/JFrBQq/2023/10/17/46e96755-def0-4c57-8824-e47fcb71b6b9.jpg
43,Ayam Kecap,Ayam,"Hidangan rumahan klasik dengan potongan ayam yang dimasak dalam saus kecap manis, bawang bombai, dan cabai hijau.","- 500 gram paha ayam atas, potong-potong
- 4 sdm kecap manis
- 1 buah bawang bombai, iris
- 2 buah cabai hijau besar, iris serong
- 3 siung bawang putih, cincang
- 1 sdt jahe parut
- Garam dan merica secukupnya
- 2 sdm minyak
- 100 ml air","1. Panaskan minyak, tumis bawang putih dan jahe hingga harum.
2. Masukkan ayam, masak hingga berubah warna.
3. Tambahkan bawang bombai dan cabai hijau, aduk rata.
4. Tuang kecap manis dan air, masak hingga ayam empuk dan kuah mengental.
5. Sajikan dengan nasi putih hangat.",Kalori: 390 kkal | Protein: 28 g | Karbohidrat: 18 g | Lemak: 20 g,35 menit,Mudah,https://assets.unileversolutions.com/recipes-v2/255873.jpg
44,Ayam Betutu,Ayam,"Masakan khas Bali yang menggunakan ayam utuh dibumbui rempah khas, dibungkus daun pisang, lalu dikukus atau dipanggang hingga matang sempurna.","- 1 ekor ayam kampung utuh
- Daun pisang untuk membungkus
- 2 batang serai, memarkan
- 4 lembar daun salam
- Garam secukupnya
- Bumbu halus:
  • 10 butir bawang merah
  • 6 siung bawang putih
  • 8 buah cabai merah keriting
  • 5 buah cabai rawit
  • 4 cm kunyit
  • 3 cm jahe
  • 3 cm lengkuas
  • 1 sdt ketumbar
  • 1/2 sdt merica
  • 1 sdt terasi bakar","1. Lumuri ayam dengan bumbu halus hingga rata, termasuk bagian dalam rongga.
2. Masukkan serai dan daun salam ke dalam rongga ayam.
3. Bungkus rapat dengan daun pisang.
4. Kukus selama 2–3 jam hingga empuk, atau panggang dalam oven suhu rendah.
5. Sajikan dengan sambal embe dan nasi.",Kalori: 480 kkal | Protein: 38 g | Karbohidrat: 5 g | Lemak: 30 g,180 menit,Sulit,https://awsimages.detik.net.id/community/media/visual/2021/08/27/resep-ayam-betutu-gilimanuk_43.jpeg?w=600&q=90
45,Ayam Goreng Lengkuas,Ayam,"Ayam goreng gurih dengan serpihan lengkuas goreng yang renyah, khas Jawa Barat.","- 1 ekor ayam, potong 8
- 300 ml santan
- 2 lembar daun salam
- 2 batang serai, memarkan
- Garam secukupnya
- Minyak untuk menggoreng
- Bumbu halus:
  • 6 butir bawang merah
  • 4 siung bawang putih
  • 1 sdt ketumbar
  • 4 cm kunyit
- 100 gram lengkuas, parut kasar","1. Rebus ayam dengan bumbu halus, daun salam, serai, santan, dan garam hingga empuk dan air menyusut.
2. Angkat ayam dan lengkuas parut.
3. Goreng ayam hingga kecoklatan.
4. Goreng lengkuas parut hingga kering dan renyah.
5. Taburkan lengkuas goreng di atas ayam saji.",Kalori: 430 kkal | Protein: 31 g | Karbohidrat: 6 g | Lemak: 29 g,50 menit,Sedang,https://awsimages.detik.net.id/community/media/visual/2025/08/08/ayam-goreng-lengkuas-1754619558087_169.jpeg?w=1200
46,Ayam Panggang Madu,Ayam,"Paha ayam yang dipanggang dengan olesan madu, kecap, dan bawang putih hingga berwarna kecoklatan dan beraroma manis gurih.","- 4 potong paha ayam atas
- 3 sdm madu
- 2 sdm kecap manis
- 3 siung bawang putih, parut
- 1 sdt jahe parut
- 1/2 sdt garam
- 1/4 sdt merica
- 1 sdm minyak zaitun","1. Campur madu, kecap, bawang putih, jahe, garam, merica, dan minyak zaitun.
2. Lumuri ayam dengan campuran tersebut, diamkan minimal 30 menit (lebih baik semalaman di kulkas).
3. Panggang dalam oven suhu 200°C selama 25–30 menit, bolak-balik dan oles sisa bumbu.
4. Panggang hingga matang dan berkilau.
5. Sajikan dengan sayuran panggang atau nasi.",Kalori: 370 kkal | Protein: 29 g | Karbohidrat: 22 g | Lemak: 16 g,45 menit (termasuk marinasi),Mudah,https://awsimages.detik.net.id/community/media/visual/2021/07/02/resep-ayam-bakar-kecap-madu-1_43.jpeg?w=1200
47,Ayam Gulai,Ayam,Ayam yang dimasak dalam kuah gulai kental berwarna kuning keemasan dari santan dan rempah-rempah khas Minang.,"- 1 ekor ayam, potong 8
- 400 ml santan kental
- 300 ml santan encer
- 2 batang serai, memarkan
- 3 lembar daun jeruk
- 2 cm lengkuas, memarkan
- Garam dan gula secukupnya
- Bumbu halus:
  • 6 butir bawang merah
  • 4 siung bawang putih
  • 4 buah cabai merah keriting
  • 3 cm kunyit
  • 1 sdt ketumbar
  • 1/2 sdt jintan
  • 1/4 sdt pala bubuk","1. Tumis bumbu halus hingga harum, masukkan serai, daun jeruk, dan lengkuas.
2. Masukkan ayam, aduk hingga berubah warna.
3. Tuang santan encer, masak hingga mendidih.
4. Masukkan santan kental, aduk terus agar tidak pecah.
5. Masak hingga ayam empuk dan kuah mengental. Sajikan dengan nasi atau lontong.",Kalori: 450 kkal | Protein: 30 g | Karbohidrat: 7 g | Lemak: 32 g,50 menit,Sedang,https://img-global.cpcdn.com/recipes/f44fa3ff2c8debb9/1200x630cq80/photo.jpg
48,Ayam Bumbu Rujak,Ayam,"Ayam yang dimasak dengan bumbu khas Jawa Timur berwarna merah pekat dari cabai dan kencur, rasanya pedas, gurih, dan sedikit manis.","- 1 ekor ayam, potong 8
- 2 lembar daun salam
- 2 batang serai, memarkan
- 2 cm lengkuas, memarkan
- Garam dan gula merah secukupnya
- 300 ml air
- Bumbu halus:
  • 10 buah cabai merah keriting
  • 5 butir bawang merah
  • 3 siung bawang putih
  • 3 cm kencur
  • 2 butir kemiri
  • 1 sdt ketumbar","1. Tumis bumbu halus hingga harum.
2. Masukkan daun salam, serai, dan lengkuas, aduk rata.
3. Masukkan ayam, aduk hingga terbalut bumbu.
4. Tuang air, tambahkan garam dan gula merah.
5. Masak hingga air menyusut dan bumbu meresap. Sajikan hangat.",Kalori: 400 kkal | Protein: 32 g | Karbohidrat: 8 g | Lemak: 24 g,45 menit,Sedang,https://asset.kompas.com/crops/DEckiKSIDhGuIT6wIrslukhnz7k=/0x0:698x465/1200x800/data/photo/2020/12/26/5fe7423fca317.jpg
49,Ayam Mentega,Ayam,"Ayam goreng yang ditumis dengan saus mentega, kecap asin, dan bawang bombai, perpaduan rasa Tionghoa-Indonesia yang lezat.","- 500 gram dada ayam fillet, potong dadu
- 3 sdm mentega
- 1 buah bawang bombai, iris
- 2 siung bawang putih, cincang
- 2 sdm kecap manis
- 1 sdm kecap asin
- 1 sdt saus tiram
- 1/2 sdt merica
- Garam secukupnya
- 50 ml air","1. Goreng ayam hingga matang, angkat dan tiriskan.
2. Lelehkan mentega, tumis bawang putih dan bawang bombai hingga layu.
3. Masukkan ayam, aduk rata.
4. Tambahkan kecap manis, kecap asin, saus tiram, merica, dan garam.
5. Tuang air, masak hingga kuah mengental. Sajikan segera.",Kalori: 360 kkal | Protein: 27 g | Karbohidrat: 12 g | Lemak: 22 g,30 menit,Mudah,https://image.idntimes.com/post/20250109/1736466651615-050d7c823376e5868043b1f6ae8078e6-ba5f28d2fb186d8c86764251f652b91e.jpg
50,Pepes Ikan Mas,Ikan,"Ikan mas yang dibumbui rempah khas Sunda, dibungkus daun pisang, lalu dikukus hingga matang dan harum.","- 2 ekor ikan mas, bersihkan, buang insang dan sisik
- 5 lembar daun salam
- Daun pisang untuk membungkus
- Tusuk gigi untuk menyemat
- Bumbu halus:
  • 6 butir bawang merah
  • 4 siung bawang putih
  • 3 buah cabai merah keriting
  • 5 buah cabai rawit merah
  • 2 cm kunyit
  • 2 cm jahe
  • 1 sdt ketumbar sangrai
  • Garam dan gula secukupnya
- Pelengkap:
  • 2 batang serai, iris halus
  • 5 lembar daun jeruk, iris halus
  • 2 buah tomat hijau, iris
  • Daun kemangi secukupnya","1. Lumuri ikan dengan bumbu halus, diamkan 15 menit.
2. Campur bumbu dengan serai, daun jeruk, tomat, dan kemangi.
3. Bungkus ikan dengan daun pisang bersama campuran bumbu, semat dengan tusuk gigi.
4. Kukus selama 30–40 menit hingga matang.
5. Bisa juga dibakar sebentar untuk aroma lebih kuat. Sajikan hangat.",Kalori: 280 kkal | Protein: 26 g | Karbohidrat: 6 g | Lemak: 14 g,60 menit,Sedang,https://asset.kompas.com/crops/Q5jHoBIQeoymnjnRfbvZ2w58MQs=/164x0:1000x557/1200x800/data/photo/2021/03/27/605f4e891c4f6.jpg
51,Ikan Gurame Asam Manis,Ikan,"Ikan gurame goreng yang disiram saus asam manis kental dari nanas, saus tomat, dan bawang bombai.","- 1 ekor ikan gurame, bersihkan, kerat-kerat
- Tepung maizena secukupnya untuk melumuri
- Minyak untuk menggoreng
- Saus asam manis:
  • 1/2 buah nanas, potong kecil
  • 1 buah bawang bombai, iris
  • 2 siung bawang putih, cincang
  • 3 sdm saus tomat
  • 2 sdm saus sambal
  • 2 sdm kecap manis
  • 1 sdm cuka masak
  • 1 sdt garam
  • 1/2 sdt merica
  • 150 ml air
  • 1 sdt maizena larutkan dengan sedikit air","1. Lumuri ikan dengan maizena, goreng hingga kering dan matang, angkat.
2. Tumis bawang putih dan bawang bombai hingga harum.
3. Masukkan nanas, aduk sebentar.
4. Tambahkan saus tomat, saus sambal, kecap manis, cuka, garam, merica, dan air.
5. Didihkan, lalu kentalkan dengan larutan maizena. Siramkan ke atas ikan goreng.",Kalori: 320 kkal | Protein: 24 g | Karbohidrat: 22 g | Lemak: 15 g,40 menit,Mudah,https://asset.kompas.com/crops/s5DiPQc2FeLh4jDe91S-TlOLROo=/0x0:1000x667/1200x800/data/photo/2020/10/18/5f8bfec7812bd.jpg
52,Ikan Kembung Balado,Ikan,"Ikan kembung goreng yang disiram sambal balado merah dari cabai dan tomat, pedas dan menggugah selera.","- 4 ekor ikan kembung, bersihkan
- Minyak untuk menggoreng
- Garam secukupnya
- Bumbu balado:
  • 10 buah cabai merah keriting
  • 5 buah cabai rawit merah
  • 6 butir bawang merah
  • 2 siung bawang putih
  • 2 buah tomat merah
  • Garam dan gula pasir secukupnya
  • 2 sdm minyak untuk menumis","1. Lumuri ikan dengan garam, goreng hingga matang, tiriskan.
2. Haluskan semua bahan bumbu balado.
3. Tumis bumbu dengan minyak hingga matang dan minyak terpisah.
4. Koreksi rasa, pastikan pedas, asam, dan gurih seimbang.
5. Siramkan bumbu balado di atas ikan goreng. Sajikan dengan nasi hangat.",Kalori: 260 kkal | Protein: 22 g | Karbohidrat: 6 g | Lemak: 16 g,30 menit,Mudah,https://static.promediateknologi.id/crop/0x0:0x0/0x0/webp/photo/p2/80/2025/07/10/jfhfwwJPG-1316691737.jpg
53,Ikan Tongkol Suwir Santan,Ikan,Daging ikan tongkol yang disuwir lalu dimasak dalam kuah santan kental dengan bumbu kuning dan daun kemangi.,"- 300 gram ikan tongkol kukus, suwir-suwir
- 300 ml santan kental
- 2 lembar daun salam
- 2 batang serai, memarkan
- Daun kemangi secukupnya
- Garam dan gula secukupnya
- Bumbu halus:
  • 5 butir bawang merah
  • 3 siung bawang putih
  • 3 buah cabai merah keriting
  • 2 cm kunyit
  • 1 sdt ketumbar","1. Tumis bumbu halus hingga harum, masukkan daun salam dan serai.
2. Tuang santan, aduk rata.
3. Masukkan suwiran ikan tongkol, masak dengan api kecil.
4. Tambahkan garam dan gula, aduk perlahan agar ikan tidak hancur.
5. Menjelang matang, masukkan daun kemangi. Sajikan dengan nasi putih.",Kalori: 250 kkal | Protein: 20 g | Karbohidrat: 5 g | Lemak: 17 g,35 menit,Mudah,https://i.ytimg.com/vi/VEe7I-cpYBg/hq720.jpg?sqp=-oaymwEhCK4FEIIDSFryq4qpAxMIARUAAAAAGAElAADIQj0AgKJD&rs=AOn4CLD_TbGx-NDKz-WlhqQKxSc5W5aAGA
54,Ikan Bakar Bumbu Kuning,Ikan,"Ikan utuh (seperti ikan mas atau gurame) yang dibakar dengan olesan bumbu kuning dari kunyit, bawang, dan ketumbar.","- 2 ekor ikan mas/gurame, bersihkan, kerat-kerat
- Jeruk nipis secukupnya
- Minyak untuk olesan
- Bumbu halus:
  • 6 butir bawang merah
  • 4 siung bawang putih
  • 3 cm kunyit
  • 1 sdt ketumbar sangrai
  • 1/2 sdt merica
  • Garam secukupnya","1. Lumuri ikan dengan jeruk nipis, diamkan 10 menit, bilas.
2. Campur bumbu halus dengan sedikit minyak.
3. Oleskan bumbu ke seluruh permukaan dan rongga ikan.
4. Bakar di atas bara api sambil sesekali dioles sisa bumbu hingga matang dan harum.
5. Sajikan dengan sambal terasi dan lalapan.",Kalori: 270 kkal | Protein: 29 g | Karbohidrat: 4 g | Lemak: 13 g,45 menit,Sedang,https://asset.kompas.com/crops/TDPZbS20DNsdoD1ySXMOdkpe1yc=/0x0:1000x667/1200x800/data/photo/2020/12/17/5fdb3cd0c1525.jpg
55,Kuah Kuning Ikan Tenggiri,Ikan,"Sup ikan tenggiri dengan kuah kuning segar dari kunyit, asam jawa, dan daun kemangi, khas Sulawesi.","- 400 gram ikan tenggiri, potong
- 2 cm kunyit, parut
- 2 lembar daun jeruk
- 1 batang serai, memarkan
- 1 buah tomat, potong
- 1 sdt asam jawa, larutkan dengan 2 sdm air
- Daun kemangi secukupnya
- Garam dan gula secukupnya
- 800 ml air
- Bumbu iris:
  • 4 butir bawang merah
  • 2 siung bawang putih","1. Rebus air, masukkan bumbu iris, kunyit parut, daun jeruk, dan serai.
2. Masukkan ikan, masak perlahan hingga matang.
3. Tambahkan tomat dan air asam jawa.
4. Bumbui dengan garam dan gula.
5. Taburi daun kemangi sebelum disajikan. Nikmati selagi hangat.",Kalori: 220 kkal | Protein: 26 g | Karbohidrat: 7 g | Lemak: 9 g,30 menit,Mudah,https://i0.wp.com/resepkoki.id/wp-content/uploads/2017/10/Resep-Ikan-Tenggiri-Bumbu-Kuning.jpg?fit=1280%2C1530&ssl=1
56,Ikan Cakalang Fufu Rica,Ikan,Ikan cakalang asap (fufu) khas Manado yang dimasak dengan sambal rica pedas dari cabai merah dan daun jeruk.,"- 250 gram ikan cakalang fufu, suwir
- 2 lembar daun jeruk
- Garam secukupnya (biasanya sudah asin)
- Minyak untuk menumis
- Bumbu iris:
  • 8 buah cabai merah keriting
  • 5 buah cabai rawit merah
  • 6 butir bawang merah
  • 3 siung bawang putih
  • 1 batang serai, ambil putihnya, iris serong","1. Panaskan minyak, tumis bumbu iris dan daun jeruk hingga harum dan layu.
2. Masukkan suwiran cakalang fufu, aduk perlahan.
3. Masak sekitar 10–15 menit hingga bumbu meresap.
4. Jangan tambahkan garam jika ikan sudah cukup asin.
5. Sajikan dengan nasi panas dan sayur ganemo (jika ada).",Kalori: 210 kkal | Protein: 25 g | Karbohidrat: 5 g | Lemak: 10 g,25 menit,Mudah,https://asset.kompas.com/crops/QdgakHZx435OT7mKPQ6-9WY_Wmk=/71x1:638x379/1200x800/data/photo/2020/03/19/5e7273ccd63bc.jpg
57,Ikan Kuwe Masak Kecap,Ikan,"Ikan kuwe yang digoreng lalu dimasak dengan bumbu kecap, bawang bombai, dan cabai hijau, praktis dan lezat.","- 4 potong ikan kuwe
- 3 sdm kecap manis
- 1 buah bawang bombai, iris
- 2 buah cabai hijau besar, iris serong
- 2 siung bawang putih, cincang
- 1/2 sdt jahe parut
- Garam dan merica secukupnya
- 2 sdm minyak
- 50 ml air","1. Goreng ikan kuwe hingga matang, tiriskan.
2. Tumis bawang putih dan jahe hingga harum.
3. Masukkan bawang bombai dan cabai hijau, aduk hingga layu.
4. Tuang kecap manis dan air, masukkan ikan.
5. Masak hingga bumbu meresap. Sajikan hangat.",Kalori: 290 kkal | Protein: 24 g | Karbohidrat: 14 g | Lemak: 15 g,30 menit,Mudah,https://img-global.cpcdn.com/recipes/b8615c9bfeff0de6/680x781cq80/ikan-kuwe-masak-kecap-foto-resep-utama.jpg
58,Brengkes Ikan Pindang,Ikan,"Masakan khas Jawa Tengah berupa ikan pindang yang dikukus dalam bumbu kelapa parut dan rempah, dibungkus daun pisang.","- 4 ekor ikan pindang, buang duri besar
- 100 gram kelapa parut, sangrai sebentar
- Daun pisang untuk membungkus
- Tusuk gigi
- Bumbu halus:
  • 5 butir bawang merah
  • 3 siung bawang putih
  • 5 buah cabai rawit merah
  • 2 buah cabai merah keriting
  • 1 cm kencur
  • Garam secukupnya
- Pelengkap:
  • 2 lembar daun jeruk, iris halus
  • Daun kemangi secukupnya","1. Campur bumbu halus dengan kelapa parut, daun jeruk, dan kemangi.
2. Bungkus ikan pindang dengan campuran bumbu dalam daun pisang.
3. Semat dengan tusuk gigi.
4. Kukus selama 25–30 menit hingga matang.
5. Sajikan hangat sebagai lauk nasi.",Kalori: 230 kkal | Protein: 22 g | Karbohidrat: 6 g | Lemak: 12 g,45 menit,Sedang,https://cdn.grid.id/crop/0x0:0x0/700x465/photo/2021/03/24/resep-brengkes-pindang-menu-mak-20210324092533.jpg
59,Dadar Gulung,Kue Tradisional,Kue tradisional berupa kulit dadar berwarna hijau yang digulung dengan isian unti (kelapa parut manis yang dimasak dengan gula merah).,"- 200 gram tepung terigu protein sedang
- 2 butir telur
- 400 ml santan encer
- 1/2 sdt garam
- 50 ml air daun suji/pandan (dari 10 lembar daun suji + 5 lembar daun pandan, blender + air)
- Isian:
  • 150 gram kelapa parut setengah tua
  • 100 gram gula merah, sisir
  • 2 lembar daun pandan
  • 50 ml air","1. Campur tepung terigu, telur, santan, garam, dan air daun suji. Aduk hingga licin, saring.
2. Buat kulit dadar tipis di wajan anti lengket, sisihkan.
3. Untuk isian: masak gula merah, air, dan daun pandan hingga larut. Masukkan kelapa parut, aduk hingga kering dan mengkilap.
4. Ambil selembar kulit dadar, beri isian unti, lalu gulung.
5. Sajikan.",Kalori: 185 kkal | Protein: 3 g | Karbohidrat: 28 g | Lemak: 7 g,45 menit,Sedang,https://linggaupos.bacakoran.co/upload/4b056e98e5e2231ab21f8e3a2c2f8627.jpeg
60,Lapis Legit,Kue Tradisional,"Kue berlapis khas Betawi dengan rasa rempah yang kaya, dibuat dengan teknik memanggang lapis demi lapis hingga padat dan harum.","- 20 butir kuning telur
- 250 gram mentega, kocok lembut
- 200 gram margarin
- 200 gram gula halus
- 200 gram tepung terigu protein rendah
- 1 sdt kayu manis bubuk
- 1/2 sdt cengkeh bubuk
- 1/4 sdt pala bubuk
- 1 sdm rum (opsional)","1. Kocok mentega, margarin, dan gula hingga pucat.
2. Masukkan kuning telur satu per satu sambil terus dikocok.
3. Tambahkan tepung terigu dan rempah, aduk rata.
4. Tuang 3 sendok adonan ke loyang persegi yang sudah dioles mentega dan dialasi kertas roti.
5. Panggang dengan api atas selama 5 menit hingga kecoklatan.
6. Ulangi hingga adonan habis (sekitar 18–20 lapis).
7. Dinginkan sebelum dipotong.",Kalori: 320 kkal | Protein: 5 g | Karbohidrat: 22 g | Lemak: 24 g,2 jam,Sulit,https://image.makewebeasy.net/makeweb/m_1200x600/rGAbosWut/DefaultData/DSC_0363.jpg
61,Kue Lumpur,Kue Tradisional,"Kue lembut berbahan dasar kentang dan santan, dipanggang dalam cetakan khusus hingga matang dengan tekstur lembut di dalam dan sedikit kering di pinggir.","- 250 gram kentang kukus, haluskan
- 150 gram gula pasir
- 100 gram tepung terigu
- 3 butir telur
- 300 ml santan
- 50 gram margarin, lelehkan
- 1/2 sdt vanili bubuk
- 1/4 sdt garam
- Kismis atau kelapa muda secukupnya (opsional)","1. Kocok telur dan gula hingga larut.
2. Masukkan kentang halus, aduk rata.
3. Tambahkan tepung terigu, santan, margarin leleh, vanili, dan garam. Aduk hingga licin.
4. Tuang ke cetakan kue lumpur yang sudah dipanaskan dan dioles margarin.
5. Taburi kismis/kelapa muda.
6. Panggang hingga matang (sekitar 15–20 menit).",Kalori: 160 kkal | Protein: 3 g | Karbohidrat: 24 g | Lemak: 6 g,40 menit,Mudah,https://img-global.cpcdn.com/recipes/7606255cf0ea366b/1200x630cq80/photo.jpg
62,Serabi,Kue Tradisional,"Kue dadar kecil berbahan dasar tepung beras dan santan, dimasak di atas tungku tanah liat atau cetakan serabi, biasanya disajikan dengan kuah santan gula merah.","- 200 gram tepung beras
- 1/2 sdt ragi instan
- 400 ml santan hangat
- 1/2 sdt garam
- 1 lembar daun pandan
- Kuah santan:
  • 200 ml santan kental
  • 100 gram gula merah
  • 1 lembar daun pandan
  • Sejumput garam","1. Rebus santan dengan daun pandan dan garam hingga hangat, angkat.
2. Campur tepung beras dan ragi, tuang santan hangat sedikit demi sedikit sambil diaduk.
3. Diamkan adonan 1–2 jam hingga berbuih.
4. Tuang adonan ke cetakan serabi yang sudah panas dan dioles minyak.
5. Tutup dan masak hingga matang.
6. Sajikan dengan kuah santan gula merah.",Kalori: 140 kkal | Protein: 2 g | Karbohidrat: 20 g | Lemak: 6 g,1 jam 30 menit,Sedang,https://asset.kompas.com/crops/XQpsp2m81JodBAhYtMzhtSgx_0Y=/48x0:892x563/1200x800/data/photo/2023/08/29/64ed51a01cd88.jpeg
63,Kue Cucur,Kue Tradisional,"Kue tradisional berbentuk bundar dengan tepi renyah dan tengah lembut, terbuat dari campuran gula merah, tepung beras, dan tepung terigu.","- 100 gram gula merah, sisir
- 100 ml air
- 75 gram tepung beras
- 25 gram tepung terigu
- 1/4 sdt garam
- Minyak untuk menggoreng","1. Rebus gula merah dan air hingga larut, dinginkan.
2. Campur tepung beras, tepung terigu, dan garam. Tuang air gula sedikit demi sedikit sambil diaduk hingga licin.
3. Panaskan minyak dalam wajan cekung (jangan terlalu banyak).
4. Tuang 1 sendok adonan, biarkan bagian pinggir mengembang dan renyah.
5. Siram bagian atas dengan minyak panas hingga matang.
6. Angkat dan tiriskan.",Kalori: 130 kkal | Protein: 1 g | Karbohidrat: 25 g | Lemak: 3 g,30 menit,Sedang,https://img-global.cpcdn.com/recipes/49072becfd2df381/1200x630cq80/photo.jpg
64,Nagasari,Kue Tradisional,"Kue kukus berbahan dasar tepung beras dan santan dengan isian pisang, dibungkus daun pisang dan dikukus hingga matang.","- 150 gram tepung beras
- 50 gram tepung sagu
- 75 gram gula pasir
- 500 ml santan
- 1/2 sdt garam
- 2 lembar daun pandan
- 4 buah pisang raja, potong memanjang
- Daun pisang untuk membungkus","1. Rebus santan, gula, garam, dan daun pandan hingga mendidih, dinginkan.
2. Campur tepung beras dan tepung sagu, tuang santan hangat sedikit demi sedikit sambil diaduk hingga licin.
3. Ambil selembar daun pisang, isi dengan adonan, beri potongan pisang, lalu bungkus rapi.
4. Kukus selama 20–25 menit hingga matang.
5. Sajikan hangat atau dingin.",Kalori: 170 kkal | Protein: 2 g | Karbohidrat: 30 g | Lemak: 5 g,45 menit,Sedang,https://asset.kompas.com/crops/G7BsaHcODcS8piPYCHWKjxBktp4=/94x0:939x563/1200x800/data/photo/2021/08/20/611f52e532e75.jpeg
65,Putu Bambu,Kue Tradisional,"Kue kukus berbentuk silinder yang dimasak dalam cetakan bambu, terbuat dari tepung beras dan diisi gula merah, disajikan dengan kelapa parut.","- 200 gram tepung beras
- 1/2 sdt garam
- 125 ml air
- 100 gram gula merah, potong kecil
- 100 gram kelapa parut, kukus dengan garam
- Daun pandan secukupnya","1. Campur tepung beras dan garam, tuang air sedikit demi sedikit hingga berbutir halus (seperti pasir).
2. Masukkan adonan ke cetakan bambu hingga 1/3 penuh.
3. Beri potongan gula merah, tutup dengan adonan lagi hingga penuh.
4. Kukus selama 15–20 menit dengan daun pandan di dasar kukusan.
5. Keluarkan dari cetakan, gulingkan ke kelapa parut.
6. Sajikan hangat.",Kalori: 150 kkal | Protein: 2 g | Karbohidrat: 28 g | Lemak: 4 g,40 menit,Sedang,https://asset.kompas.com/crops/CUp_nICBgZQZmL-JmqURftrpRcY=/176x26:919x521/1200x800/data/photo/2023/11/12/655074ab9c19c.jpg
66,Kue Bingka,Kue Tradisional,"Kue khas Banjar berbahan dasar tepung terigu, santan, dan telur, dipanggang hingga permukaannya retak dan berwarna kecoklatan.","- 250 gram tepung terigu
- 4 butir telur
- 500 ml santan kental
- 150 gram gula pasir
- 1/2 sdt garam
- 1/2 sdt vanili bubuk
- 1 lembar daun pandan","1. Rebus santan, daun pandan, dan garam hingga mendidih, dinginkan.
2. Kocok telur dan gula hingga larut.
3. Masukkan tepung terigu dan santan secara bergantian, aduk rata.
4. Tuang ke loyang yang sudah dioles margarin.
5. Panggang dalam oven suhu 180°C selama 30–40 menit hingga permukaan retak dan kecoklatan.
6. Dinginkan sebelum dipotong.",Kalori: 210 kkal | Protein: 4 g | Karbohidrat: 26 g | Lemak: 9 g,1 jam,Mudah,https://i0.wp.com/resepkoki.id/wp-content/uploads/2017/01/Resep-Bingka-Kentang.jpg?fit=1536%2C1920&ssl=1
67,Wingko Babat,Kue Tradisional,"Kue khas Jawa Tengah berbahan dasar kelapa parut dan tepung ketan, dipanggang hingga harum dengan tekstur renyah di luar dan lembut di dalam.","- 300 gram kelapa parut setengah tua
- 150 gram tepung ketan
- 150 gram gula pasir
- 1/2 sdt garam
- 100 ml air
- 1 lembar daun pandan","1. Campur semua bahan, aduk rata hingga membentuk adonan yang bisa dipulung.
2. Bentuk bulat pipih atau cetak sesuai selera.
3. Panggang dalam oven suhu 160°C selama 25–30 menit hingga harum dan kecoklatan.
4. Balik sekali selama memanggang agar matang merata.
5. Dinginkan sebelum disimpan.",Kalori: 190 kkal | Protein: 2 g | Karbohidrat: 24 g | Lemak: 10 g,45 menit,Mudah,https://upload.wikimedia.org/wikipedia/commons/thumb/8/81/6._Wingko_Babat_3.jpg/1200px-6._Wingko_Babat_3.jpg
68,Kue Talam,Kue Tradisional,"Kue kukus dua lapis: lapisan bawah putih dari santan dan tepung beras, lapisan atas hijau dari campuran daun suji atau pandan.","- Lapisan hijau:
  • 100 gram tepung beras
  • 25 gram tepung tapioka
  • 200 ml santan
  • 75 gram gula pasir
  • 1/4 sdt garam
  • 50 ml air daun suji/pandan
- Lapisan putih:
  • 100 gram tepung beras
  • 25 gram tepung tapioka
  • 250 ml santan
  • 1/2 sdt garam
  • 1 lembar daun pandan","1. Buat lapisan hijau: campur semua bahan, aduk rata, saring.
2. Tuang ke loyang, kukus 10 menit.
3. Buat lapisan putih: campur semua bahan, aduk rata.
4. Tuang perlahan di atas lapisan hijau, kukus lagi 15–20 menit hingga matang.
5. Dinginkan, potong-potong, dan sajikan.",Kalori: 140 kkal | Protein: 2 g | Karbohidrat: 22 g | Lemak: 5 g,40 menit,Mudah,https://asset.kompas.com/crops/WslEsXjmExRpJ_KY7VxqYhxQ5dc=/0x37:1000x704/1200x800/data/photo/2023/06/12/64865457c37d3.jpeg
69,Es Teh Lemon,Minuman,"Minuman segar dari campuran teh hitam, perasan lemon, dan es batu. Cocok diminum saat cuaca panas.","- 2 kantong teh celup hitam
- 500 ml air panas
- 2 sdm gula pasir
- 2 sdm air perasan lemon
- Es batu secukupnya","1. Seduh teh dengan air panas selama 5 menit.
2. Tambahkan gula, aduk hingga larut.
3. Dinginkan teh, lalu tambahkan air perasan lemon.
4. Sajikan dengan es batu.",Kalori: 90 kkal | Protein: 0 g | Karbohidrat: 23 g | Lemak: 0 g,10 menit,Mudah,https://img-global.cpcdn.com/recipes/f8b502b88c818d4b/1200x630cq80/photo.jpg
70,Jus Alpukat Cokelat,Minuman,Jus kental dari buah alpukat matang dengan campuran susu cokelat dan es batu. Lembut dan manis.,"- 1 buah alpukat matang
- 200 ml susu cair cokelat
- 1 sdm susu kental manis cokelat
- Es batu secukupnya","1. Masukkan semua bahan ke blender.
2. Blender hingga halus.
3. Sajikan dingin dengan topping cokelat kental di atasnya.",Kalori: 300 kkal | Protein: 5 g | Karbohidrat: 30 g | Lemak: 18 g,10 menit,Mudah,"https://cdn.yummy.co.id/content-images/images/20220822/UHlxQI2ivDIFKpBW1qk2HrcOmus10hN0-31363631313237373932d41d8cd98f00b204e9800998ecf8427e.jpg?x-oss-process=image/resize,w_388,h_388,m_fixed,x-oss-process=image/format,webp"
71,Es Kopi Susu Gula Aren,Minuman,"Campuran espresso, susu, dan sirup gula aren khas Indonesia dengan aroma karamel yang kuat.","- 100 ml espresso atau kopi kental
- 150 ml susu cair full cream
- 2 sdm gula aren cair
- Es batu secukupnya","1. Tuang gula aren cair ke dalam gelas.
2. Tambahkan es batu dan susu cair.
3. Tuang kopi di atasnya perlahan agar berlapis.
4. Sajikan segera.",Kalori: 180 kkal | Protein: 6 g | Karbohidrat: 25 g | Lemak: 6 g,7 menit,Mudah,https://asset.kompas.com/crops/oHA_InWvgjNnNKDmm3TszdEj0e0=/0x0:1000x667/1200x800/data/photo/2020/07/26/5f1d9e3132c94.jpg
72,Smoothie Mangga,Minuman,"Minuman lembut dari buah mangga manis, yogurt, dan madu. Cocok untuk sarapan sehat.","- 1 buah mangga matang
- 100 ml yogurt plain
- 1 sdm madu
- Es batu secukupnya","1. Masukkan semua bahan ke blender.
2. Proses hingga halus dan lembut.
3. Sajikan segera selagi dingin.",Kalori: 190 kkal | Protein: 4 g | Karbohidrat: 38 g | Lemak: 2 g,5 menit,Mudah,https://foto.kontan.co.id/ADrXd9qrS4mR1XoWaY9WrSTxD4Y=/smart/2023/05/29/36131760p.jpg
73,Es Kelapa Muda,Minuman,"Minuman tropis alami dari air dan daging kelapa muda, sering disajikan dengan tambahan sirup atau jeruk nipis.","- 1 buah kelapa muda
- 1 sdm sirup merah (opsional)
- 1 iris jeruk nipis
- Es batu secukupnya","1. Tuang air kelapa ke dalam gelas.
2. Tambahkan daging kelapa muda.
3. Beri es batu dan sirup jika suka.
4. Tambahkan perasan jeruk nipis, sajikan.",Kalori: 120 kkal | Protein: 1 g | Karbohidrat: 15 g | Lemak: 6 g,5 menit,Mudah,https://lh3.googleusercontent.com/proxy/1hNf34tQEj4oBdWI7lvTE25-n6eEsFkm1H-_EBu8_IGAtxuKqtpFw780kAp1p3HADDYoOe58YwlAWC9GsHmL8F1Td3snveVheCKaS9DXhCgNEX0tXV00RjROXwOplkWZ9YZxbK_WA3_V3D2YI_wpmgdTSjQADMAuNeBT8Mfl4d-HgDDoP6yD4inlsGPPqkMiZ0Y_fmU
74,Cappuccino,Minuman,"Kopi espresso dengan campuran susu panas dan busa lembut di atasnya, khas Italia.","- 1 shot espresso (30 ml)
- 100 ml susu cair full cream
- Bubuk cokelat untuk taburan","1. Panaskan susu hingga hangat dan berbusa.
2. Tuang espresso ke cangkir.
3. Tambahkan susu panas dan busanya.
4. Taburi bubuk cokelat di atasnya.",Kalori: 110 kkal | Protein: 6 g | Karbohidrat: 9 g | Lemak: 5 g,5 menit,Sedang,https://upload.wikimedia.org/wikipedia/commons/thumb/7/70/Cappuccino_in_original.jpg/1200px-Cappuccino_in_original.jpg
75,Wedang Jahe,Minuman,"Minuman hangat tradisional Indonesia yang dibuat dari jahe segar dan gula merah, cocok diminum saat dingin.","- 100 gram jahe segar, memarkan
- 500 ml air
- 50 gram gula merah
- 1 batang serai (opsional)","1. Rebus jahe, serai, dan gula merah dalam air selama 10–15 menit.
2. Angkat dan saring.
3. Sajikan hangat.",Kalori: 80 kkal | Protein: 0 g | Karbohidrat: 20 g | Lemak: 0 g,15 menit,Mudah,https://assets.unileversolutions.com/recipes-v2/258727.jpg
76,Teh Tarik,Minuman,Minuman teh kental dari Malaysia dan Indonesia yang dicampur susu kental manis lalu 'ditarik' agar berbusa.,"- 2 kantong teh hitam
- 200 ml air panas
- 2 sdm susu kental manis
- 1 sdt gula (opsional)","1. Seduh teh dengan air panas hingga kental.
2. Tambahkan susu kental manis dan gula.
3. Tuang bergantian antara dua gelas untuk menghasilkan busa.
4. Sajikan hangat.",Kalori: 160 kkal | Protein: 3 g | Karbohidrat: 25 g | Lemak: 5 g,7 menit,Mudah,https://static.promediateknologi.id/crop/0x0:0x0/750x500/webp/photo/p1/587/2023/10/21/teh-tarik-748506428.jpg
77,Cokelat Panas,Minuman,"Minuman cokelat klasik yang dibuat dari campuran bubuk kakao, susu, dan gula. Cocok diminum malam hari.","- 2 sdm bubuk cokelat
- 200 ml susu cair
- 1 sdm gula pasir
- Sedikit garam dan kayu manis (opsional)","1. Campur bubuk cokelat, gula, dan sedikit susu dalam panci.
2. Panaskan hingga larut, lalu tambahkan sisa susu.
3. Aduk hingga panas merata.
4. Sajikan hangat.",Kalori: 180 kkal | Protein: 6 g | Karbohidrat: 25 g | Lemak: 6 g,10 menit,Mudah,https://cdn.shopify.com/s/files/1/0615/1939/7055/files/img-1719219656680_83322819-7344-4e20-b62c-cbec5e4bafe5_550x.jpg?v=1729499129
78,Matcha Latte,Minuman,Minuman Jepang dari bubuk teh hijau matcha yang dicampur susu hangat dan sedikit madu.,"- 1 sdt bubuk matcha
- 150 ml susu cair
- 1 sdt madu
- 50 ml air panas","1. Larutkan matcha dengan air panas hingga tidak menggumpal.
2. Panaskan susu dan kocok hingga berbusa.
3. Tuang matcha ke cangkir, tambahkan madu dan susu panas.
4. Sajikan hangat.",Kalori: 120 kkal | Protein: 5 g | Karbohidrat: 15 g | Lemak: 4 g,7 menit,Sedang,https://cdn.loveandlemons.com/wp-content/uploads/2023/06/iced-matcha-latte.jpg
